n,filename,url,date,secid,issuer,type
1,001_2019-03-14_VZRZ.webarchive,https://www.e-disclosure.ru/portal/event.aspx?EventId=AAONRUOnkEq-AFDSEQD6qUA-B-B,14.03.2019,VZRZ,"Банк ""Возрождение"" (ПАО)",требование о выкупе
2,002_2019-03-25_NKHP.webarchive,https://www.e-disclosure.ru/portal/event.aspx?EventId=LLACKvn-CFE6HWIolhZ9zVQ-B-B,25.03.2019,NKHP,"ПАО ""НКХП""",обязательное
3,003_2019-04-03_URKA.webarchive,https://www.e-disclosure.ru/portal/event.aspx?EventId=MQ9-COB4F2Em9D6zOGxLLPg-B-B,03.04.2019,URKA,"ПАО ""Уралкалий""",обязательное
4,004_2019-04-17_MFON.webarchive,https://www.e-disclosure.ru/portal/event.aspx?EventId=0FWdaAHi-CE6AY9qeXFp99g-B-B,17.04.2019,MFON,"ПАО ""МегаФон""",требование о выкупе
5,005_2019-07-29_FTRE.webarchive,https://www.e-disclosure.ru/portal/event.aspx?EventId=IPHwQsqoCkKQZOble1cr8g-B-B,29.07.2019,FTRE,"АО ""ФГ БУДУЩЕЕ""",обязательное
6,006_2019-08-05_URKA.webarchive,https://www.e-disclosure.ru/portal/event.aspx?EventId=BymEYqdrR0K9gzyflznr-Cw-B-B,05.08.2019,URKA,"ПАО ""Уралкалий""",требование о выкупе
7,007_2019-09-16_TASB.webarchive,https://www.e-disclosure.ru/portal/event.aspx?EventId=31xh17aoq0y-AtQ9d-AWbs2A-B-B,16.09.2019,TASB,"ПАО ""Тамбовская энергосбытовая компания""",обязательное
8,008_2019-12-06_FTRE.webarchive,https://www.e-disclosure.ru/portal/event.aspx?EventId=cKtFH-CPh-AUKzcoP7bEyFlg-B-B,06.12.2019,FTRE,"АО ""ФГ БУДУЩЕЕ""",требование о выкупе
9,009_2020-01-14_PRTK.webarchive,https://www.e-disclosure.ru/portal/event.aspx?EventId=lnWLMw4wIEywDDwSVm-AwMA-B-B,14.01.2020,PRTK,"АО ""ПРОТЕК""",добровольное
10,010_2020-01-16_TRCN.webarchive,https://www.e-disclosure.ru/portal/event.aspx?EventId=8xJzDrvl-AUigTAOGV3EMFQ-B-B,16.01.2020,TRCN,ПАО «ТрансКонтейнер»,обязательное
11,011_2020-05-18_TRMK.webarchive,https://www.e-disclosure.ru/portal/event.aspx?EventId=TbigfEQyfkKkeat8J5YJpA-B-B,18.05.2020,TRMK,"ПАО ""ТМК""",добровольное
12,012_2020-06-01_TRCN.webarchive,https://www.e-disclosure.ru/portal/event.aspx?EventId=X413MvIFQEaTFO3tTphkbQ-B-B,01.06.2020,TRCN,ПАО «ТрансКонтейнер»,требование о выкупе
13,013_2020-06-02_MOBB.webarchive,https://www.e-disclosure.ru/portal/event.aspx?EventId=qUVL4PyFTk-CJm6AloyGFug-B-B,02.06.2020,MOBB,АО МОСОБЛБАНК,требование о выкупе
14,014_2020-06-04_PRTK.webarchive,https://www.e-disclosure.ru/portal/event.aspx?EventId=FLgW9YUl3UmK8UogJwxXVw-B-B,04.06.2020,PRTK,"АО ""ПРОТЕК""",требование о выкупе
15,015_2020-07-14_SFIN.webarchive,https://www.e-disclosure.ru/portal/event.aspx?EventId=-COdNWxJflkWncteQ6-AtTpQ-B-B,14.07.2020,SFIN,"ПАО ""ЭсЭфАй""",обязательное
16,016_2020-07-28_RUSP.webarchive,https://www.e-disclosure.ru/portal/event.aspx?EventId=-AdT6-A7BiskO0kFcAB81kYg-B-B,28.07.2020,RUSP,"АО ""Русполимет""",обязательное
17,017_2020-08-05_DVEC.webarchive,https://www.e-disclosure.ru/portal/event.aspx?EventId=359UzaOzckmObcqD2bZexQ-B-B,05.08.2020,DVEC,"ПАО ""ДЭК""",обязательное
18,018_2020-08-26_SELG.webarchive,https://www.e-disclosure.ru/portal/event.aspx?EventId=-COzyv1TZuUyS8v-AzAkdt6w-B-B,26.08.2020,SELG,"ПАО ""Селигдар""",обязательное
19,019_2020-12-14_RUSP.webarchive,https://www.e-disclosure.ru/portal/event.aspx?EventId=MC8qV-CO0Y0G7von-ATz7kAQ-B-B,14.12.2020,RUSP,"АО ""Русполимет""",требование о выкупе
20,020_2021-04-16_CHEP.webarchive,https://www.e-disclosure.ru/portal/event.aspx?EventId=zFuCzY2PWkeX0ds7LbO7Ig-B-B,16.04.2021,CHEP,"АО ""ЧТПЗ""",обязательное
21,021_2021-08-13_CHEP.webarchive,https://www.e-disclosure.ru/portal/event.aspx?EventId=k4mb5RgNQE2l9eZ7jzma7g-B-B,13.08.2021,CHEP,"АО ""ЧТПЗ""",требование о выкупе
22,022_2021-09-09_IRGZ.webarchive,https://www.e-disclosure.ru/portal/event.aspx?EventId=SQpZ6jGWVkG8QcpwpZGReg-B-B,09.09.2021,IRGZ,"АО ""Иркутскэнерго""",добровольное
23,023_2021-10-29_KMEZ.webarchive,https://www.e-disclosure.ru/portal/event.aspx?EventId=QworT-AvxyUGXUngAkY1hkg-B-B,29.10.2021,KMEZ,"АО ""КМЗ""",обязательное
24,024_2022-01-12_IRGZ.webarchive,https://www.e-disclosure.ru/portal/event.aspx?EventId=N07XL2i4l0uHSktbfk2c2g-B-B,12.01.2022,IRGZ,"АО ""Иркутскэнерго""",требование о выкупе
25,025_2022-03-14_TGKA.webarchive,https://www.e-disclosure.ru/portal/event.aspx?EventId=y8dZgqKMJUqq-Cxbsphzo7w-B-B,14.03.2022,TGKA,"ПАО ""ТГК-14""",обязательное
26,026_2022-06-21_ROSB.webarchive,https://www.e-disclosure.ru/portal/event.aspx?EventId=rcr5FhK4YU2Fc0QVsfOkHg-B-B,21.06.2022,ROSB,ПАО РОСБАНК,обязательное
27,027_2022-11-21_ROSB.webarchive,https://www.e-disclosure.ru/portal/event.aspx?EventId=ePllTKx-CGUCzshZIm8F2TA-B-B,21.11.2022,ROSB,ПАО РОСБАНК,обязательное
28,028_2022-11-21_ROSB.webarchive,https://www.e-disclosure.ru/portal/event.aspx?EventId=0yIS4-CdY7kq9evBHUn0u-CQ-B-B,21.11.2022,ROSB,ПАО РОСБАНК,добровольное
29,029_2023-01-09_ENRU.webarchive,https://www.e-disclosure.ru/portal/event.aspx?EventId=BFOBzFrOHESPizE43ESDRA-B-B,09.01.2023,ENRU,ПАО «ЭЛ5-Энерго»,обязательное
30,030_2023-06-19_GTRK.webarchive,https://www.e-disclosure.ru/portal/event.aspx?EventId=cDIWJ9em1kaowSPvdibw-Cg-B-B,19.06.2023,GTRK,"ПАО ""ГТМ""",обязательное
31,031_2024-08-20_AMEZ.webarchive,https://www.e-disclosure.ru/portal/event.aspx?EventId=015sPwvcjUO8InZDuR3d1Q-B-B,20.08.2024,AMEZ,"ПАО ""Ашинский метзавод""",обязательное
32,032_2024-09-03_ROSB.webarchive,https://www.e-disclosure.ru/portal/event.aspx?EventId=JRq1PXMVcE238cciAgAZRA-B-B,03.09.2024,ROSB,ПАО РОСБАНК,обязательное
33,033_2025-01-31_AMEZ.webarchive,https://www.e-disclosure.ru/portal/event.aspx?EventId=WY-Cbl-C9T8UCdXRhe06VarQ-B-B,31.01.2025,AMEZ,"ПАО ""Ашинский метзавод""",требование о выкупе
34,034_2025-07-31_CARM.webarchive,https://www.e-disclosure.ru/portal/event.aspx?EventId=Vc-ADI45ZRUiqM2tj-AwFuIw-B-B,31.07.2025,CARM,"ПАО ""СТГ""",обязательное
